{"cameraMode":{"drawMode":0,"name":"Shaded","section":"Shading Mode"},"sceneLighting":true,"audioPlay":false,"sceneViewState":{"m_AlwaysRefresh":false,"showFog":true,"showSkybox":true,"showFlares":true,"showImageEffects":true,"showParticleSystems":true,"showVisualEffectGraphs":true,"m_FxEnabled":true},"in2DMode":false,"pivot":{"x":-1.0823757648468018,"y":-2.2076644897460939,"z":1.9312777519226075},"rotation":{"x":0.5174391269683838,"y":0.011569185182452202,"z":-0.006963270250707865,"w":0.8556371927261353},"size":9.572700500488282,"orthographic":false}